<?xml version="1.0" encoding="UTF-8"?><record_update table="sys_sg_button_instance">
    <sys_sg_button_instance action="INSERT_OR_UPDATE">
        <active>true</active>
        <button display_value="Add CI">d47ba4a74fa367009881c5c18110c7f8</button>
        <description/>
        <field_name/>
        <label>Add CI</label>
        <location>trailing_swipe</location>
        <name>Add CI</name>
        <order>1</order>
        <parent>efe8a0e34fa367009881c5c18110c7c7</parent>
        <parent_table>sys_sg_master_item</parent_table>
        <sys_class_name>sys_sg_button_instance</sys_class_name>
        <sys_created_by>Arnoud.Kooi</sys_created_by>
        <sys_created_on>2019-02-16 18:41:41</sys_created_on>
        <sys_customer_update>false</sys_customer_update>
        <sys_id>786f20ab4fa367009881c5c18110c78e</sys_id>
        <sys_mod_count>0</sys_mod_count>
        <sys_name>Add CI</sys_name>
        <sys_package display_value="Mobile Mass Change" source="x_snc_mobile_mass">3554686f4f6367009881c5c18110c72b</sys_package>
        <sys_policy/>
        <sys_replace_on_upgrade>false</sys_replace_on_upgrade>
        <sys_scope display_value="Mobile Mass Change">3554686f4f6367009881c5c18110c72b</sys_scope>
        <sys_update_name>sys_sg_button_instance_786f20ab4fa367009881c5c18110c78e</sys_update_name>
        <sys_updated_by>Arnoud.Kooi</sys_updated_by>
        <sys_updated_on>2019-02-16 18:41:41</sys_updated_on>
        <table/>
    </sys_sg_button_instance>
</record_update>
