<?xml version="1.0" encoding="UTF-8"?><record_update table="sys_db_object">
    <sys_db_object action="INSERT_OR_UPDATE">
        <access>public</access>
        <actions_access>false</actions_access>
        <alter_access>false</alter_access>
        <caller_access/>
        <client_scripts_access>false</client_scripts_access>
        <configuration_access>false</configuration_access>
        <create_access>true</create_access>
        <create_access_controls>true</create_access_controls>
        <delete_access>true</delete_access>
        <extension_model/>
        <is_extendable>false</is_extendable>
        <label>Mass Change CI</label>
        <live_feed_enabled>false</live_feed_enabled>
        <name>x_snc_mobile_mass_mass_change_ci</name>
        <number_ref/>
        <provider_class/>
        <read_access>true</read_access>
        <super_class/>
        <sys_class_code/>
        <sys_class_name>sys_db_object</sys_class_name>
        <sys_class_path/>
        <sys_created_by>Arnoud.Kooi</sys_created_by>
        <sys_created_on>2019-02-16 17:55:17</sys_created_on>
        <sys_customer_update>false</sys_customer_update>
        <sys_id>e47464af4f6367009881c5c18110c7ef</sys_id>
        <sys_mod_count>1</sys_mod_count>
        <sys_name>Mass Change CI</sys_name>
        <sys_package display_value="Mobile Mass Change" source="x_snc_mobile_mass">3554686f4f6367009881c5c18110c72b</sys_package>
        <sys_policy/>
        <sys_replace_on_upgrade>false</sys_replace_on_upgrade>
        <sys_scope display_value="Mobile Mass Change">3554686f4f6367009881c5c18110c72b</sys_scope>
        <sys_update_name>sys_db_object_e47464af4f6367009881c5c18110c7ef</sys_update_name>
        <sys_updated_by>Arnoud.Kooi</sys_updated_by>
        <sys_updated_on>2019-02-16 18:55:19</sys_updated_on>
        <update_access>true</update_access>
        <user_role display_value="x_snc_mobile_mass.mass_change_ci_user" name="x_snc_mobile_mass.mass_change_ci_user">41c46caf4f6367009881c5c18110c725</user_role>
        <ws_access>true</ws_access>
    </sys_db_object>
</record_update>
