<?xml version="1.0" encoding="UTF-8"?><record_update table="sys_embedded_help_role">
    <sys_embedded_help_role action="INSERT_OR_UPDATE">
        <order>1000</order>
        <role display_value="x_snc_mobile_mass.mass_change_ci_user" name="x_snc_mobile_mass.mass_change_ci_user">41c46caf4f6367009881c5c18110c725</role>
        <sys_class_name>sys_embedded_help_role</sys_class_name>
        <sys_created_by>Arnoud.Kooi</sys_created_by>
        <sys_created_on>2019-02-16 17:55:17</sys_created_on>
        <sys_customer_update>false</sys_customer_update>
        <sys_id>45c46caf4f6367009881c5c18110c728</sys_id>
        <sys_mod_count>0</sys_mod_count>
        <sys_name>41c46caf4f6367009881c5c18110c725</sys_name>
        <sys_package display_value="Mobile Mass Change" source="x_snc_mobile_mass">3554686f4f6367009881c5c18110c72b</sys_package>
        <sys_policy/>
        <sys_replace_on_upgrade>false</sys_replace_on_upgrade>
        <sys_scope display_value="Mobile Mass Change">3554686f4f6367009881c5c18110c72b</sys_scope>
        <sys_update_name>sys_embedded_help_role_45c46caf4f6367009881c5c18110c728</sys_update_name>
        <sys_updated_by>Arnoud.Kooi</sys_updated_by>
        <sys_updated_on>2019-02-16 17:55:17</sys_updated_on>
    </sys_embedded_help_role>
</record_update>
