<?xml version="1.0" encoding="UTF-8"?><record_update table="sys_sg_folder">
    <sys_sg_folder action="INSERT_OR_UPDATE">
        <application display_value="CI Mass Update">e0e5e4234fa367009881c5c18110c7d8</application>
        <name/>
        <order>1</order>
        <sys_class_name>sys_sg_folder</sys_class_name>
        <sys_created_by>Arnoud.Kooi</sys_created_by>
        <sys_created_on>2019-02-16 18:00:10</sys_created_on>
        <sys_customer_update>false</sys_customer_update>
        <sys_id>60e5e4234fa367009881c5c18110c7d9</sys_id>
        <sys_mod_count>0</sys_mod_count>
        <sys_name/>
        <sys_package display_value="Mobile Mass Change" source="x_snc_mobile_mass">3554686f4f6367009881c5c18110c72b</sys_package>
        <sys_policy/>
        <sys_replace_on_upgrade>false</sys_replace_on_upgrade>
        <sys_scope display_value="Mobile Mass Change">3554686f4f6367009881c5c18110c72b</sys_scope>
        <sys_update_name>sys_sg_folder_60e5e4234fa367009881c5c18110c7d9</sys_update_name>
        <sys_updated_by>Arnoud.Kooi</sys_updated_by>
        <sys_updated_on>2019-02-16 18:00:10</sys_updated_on>
    </sys_sg_folder>
</record_update>
