<?xml version="1.0" encoding="UTF-8"?><record_update table="sys_sg_data_item">
    <sys_sg_data_item action="INSERT_OR_UPDATE">
        <condition_type>declarative</condition_type>
        <description/>
        <group_by/>
        <name>mass_update_queue</name>
        <query_condition table="x_snc_mobile_mass_mass_change_ci">userDYNAMIC90d1921e5f510100a9ad2572f2b477fe^active=true<item endquery="false" field="user" goto="false" newquery="false" operator="DYNAMIC" or="false" value="90d1921e5f510100a9ad2572f2b477fe"/>
            <item endquery="false" field="active" goto="false" newquery="false" operator="=" or="false" value="true"/>
        </query_condition>
        <query_condition_script/>
        <sys_class_name>sys_sg_data_item</sys_class_name>
        <sys_created_by>Arnoud.Kooi</sys_created_by>
        <sys_created_on>2019-02-16 18:11:04</sys_created_on>
        <sys_customer_update>false</sys_customer_update>
        <sys_id>1868a4e34fa367009881c5c18110c721</sys_id>
        <sys_mod_count>3</sys_mod_count>
        <sys_name>mass_update_queue</sys_name>
        <sys_package display_value="Mobile Mass Change" source="x_snc_mobile_mass">3554686f4f6367009881c5c18110c72b</sys_package>
        <sys_policy/>
        <sys_replace_on_upgrade>false</sys_replace_on_upgrade>
        <sys_scope display_value="Mobile Mass Change">3554686f4f6367009881c5c18110c72b</sys_scope>
        <sys_update_name>sys_sg_data_item_1868a4e34fa367009881c5c18110c721</sys_update_name>
        <sys_updated_by>Arnoud.Kooi</sys_updated_by>
        <sys_updated_on>2019-02-16 20:22:37</sys_updated_on>
        <table>x_snc_mobile_mass_mass_change_ci</table>
    </sys_sg_data_item>
</record_update>
