<?xml version="1.0" encoding="UTF-8"?><record_update sys_domain="global" table="sys_app_application">
    <sys_app_application action="INSERT_OR_UPDATE">
        <active>true</active>
        <category display_value="Custom Applications">e0355b31ef303000a61d5a3615c0fb78</category>
        <description/>
        <device_type>browser</device_type>
        <hint/>
        <name>Mass Change CI</name>
        <order>100</order>
        <roles>x_snc_mobile_mass.mass_change_ci_user</roles>
        <sys_class_name>sys_app_application</sys_class_name>
        <sys_created_by>Arnoud.Kooi</sys_created_by>
        <sys_created_on>2019-02-16 17:55:17</sys_created_on>
        <sys_customer_update>false</sys_customer_update>
        <sys_domain>global</sys_domain>
        <sys_domain_path>/</sys_domain_path>
        <sys_id>91c46caf4f6367009881c5c18110c746</sys_id>
        <sys_mod_count>0</sys_mod_count>
        <sys_name>Mass Change CI</sys_name>
        <sys_overrides/>
        <sys_package display_value="Mobile Mass Change" source="x_snc_mobile_mass">3554686f4f6367009881c5c18110c72b</sys_package>
        <sys_policy/>
        <sys_replace_on_upgrade>false</sys_replace_on_upgrade>
        <sys_scope display_value="Mobile Mass Change">3554686f4f6367009881c5c18110c72b</sys_scope>
        <sys_update_name>sys_app_application_91c46caf4f6367009881c5c18110c746</sys_update_name>
        <sys_updated_by>Arnoud.Kooi</sys_updated_by>
        <sys_updated_on>2019-02-16 17:55:17</sys_updated_on>
        <title>Mass Change CI</title>
        <view_name/>
    </sys_app_application>
</record_update>
