<?xml version="1.0" encoding="UTF-8"?><record_update table="sys_security_acl">
    <sys_security_acl action="INSERT_OR_UPDATE">
        <active>true</active>
        <admin_overrides>true</admin_overrides>
        <advanced>false</advanced>
        <condition/>
        <description>Default access control on x_snc_mobile_mass_mass_change_ci</description>
        <name>x_snc_mobile_mass_mass_change_ci</name>
        <operation display_value="create">create</operation>
        <script/>
        <sys_class_name>sys_security_acl</sys_class_name>
        <sys_created_by>Arnoud.Kooi</sys_created_by>
        <sys_created_on>2019-02-16 17:55:18</sys_created_on>
        <sys_customer_update>false</sys_customer_update>
        <sys_id>5dc46caf4f6367009881c5c18110c750</sys_id>
        <sys_mod_count>0</sys_mod_count>
        <sys_name>x_snc_mobile_mass_mass_change_ci</sys_name>
        <sys_package display_value="Mobile Mass Change" source="x_snc_mobile_mass">3554686f4f6367009881c5c18110c72b</sys_package>
        <sys_policy/>
        <sys_replace_on_upgrade>false</sys_replace_on_upgrade>
        <sys_scope display_value="Mobile Mass Change">3554686f4f6367009881c5c18110c72b</sys_scope>
        <sys_update_name>sys_security_acl_5dc46caf4f6367009881c5c18110c750</sys_update_name>
        <sys_updated_by>Arnoud.Kooi</sys_updated_by>
        <sys_updated_on>2019-02-16 17:55:18</sys_updated_on>
        <type display_value="record">record</type>
    </sys_security_acl>
</record_update>
