<?xml version="1.0" encoding="UTF-8"?><record_update table="sys_sg_icon">
    <sys_sg_icon action="INSERT_OR_UPDATE">
        <icon>{"Shape":"Circle","FontName":"Font Awesome 5 Free","Value":"f328","FontColor":"#7070B3","BackgroundColor":"#7070B3","Name":"clipboard"}</icon>
        <name>clipboard</name>
        <sys_class_name>sys_sg_icon</sys_class_name>
        <sys_created_by>Arnoud.Kooi</sys_created_by>
        <sys_created_on>2019-02-16 18:00:09</sys_created_on>
        <sys_customer_update>false</sys_customer_update>
        <sys_id>5ce5e0af4f6367009881c5c18110c7ba</sys_id>
        <sys_mod_count>0</sys_mod_count>
        <sys_name>clipboard</sys_name>
        <sys_package display_value="Mobile Mass Change" source="x_snc_mobile_mass">3554686f4f6367009881c5c18110c72b</sys_package>
        <sys_policy/>
        <sys_replace_on_upgrade>false</sys_replace_on_upgrade>
        <sys_scope display_value="Mobile Mass Change">3554686f4f6367009881c5c18110c72b</sys_scope>
        <sys_update_name>sys_sg_icon_5ce5e0af4f6367009881c5c18110c7ba</sys_update_name>
        <sys_updated_by>Arnoud.Kooi</sys_updated_by>
        <sys_updated_on>2019-02-16 18:00:09</sys_updated_on>
    </sys_sg_icon>
</record_update>
