<?xml version="1.0" encoding="UTF-8"?><record_update table="sys_sg_application">
    <sys_sg_application action="INSERT_OR_UPDATE">
        <active>true</active>
        <available_offline>true</available_offline>
        <default>false</default>
        <description/>
        <icon display_value="clipboard">5ce5e0af4f6367009881c5c18110c7ba</icon>
        <name>CI Mass Update</name>
        <order/>
        <roles/>
        <sys_class_name>sys_sg_application</sys_class_name>
        <sys_created_by>Arnoud.Kooi</sys_created_by>
        <sys_created_on>2019-02-16 18:00:10</sys_created_on>
        <sys_customer_update>false</sys_customer_update>
        <sys_id>e0e5e4234fa367009881c5c18110c7d8</sys_id>
        <sys_mod_count>4</sys_mod_count>
        <sys_name>CI Mass Update</sys_name>
        <sys_package display_value="Mobile Mass Change" source="x_snc_mobile_mass">3554686f4f6367009881c5c18110c72b</sys_package>
        <sys_policy/>
        <sys_replace_on_upgrade>false</sys_replace_on_upgrade>
        <sys_scope display_value="Mobile Mass Change">3554686f4f6367009881c5c18110c72b</sys_scope>
        <sys_update_name>sys_sg_application_e0e5e4234fa367009881c5c18110c7d8</sys_update_name>
        <sys_updated_by>Arnoud.Kooi</sys_updated_by>
        <sys_updated_on>2019-02-16 20:23:47</sys_updated_on>
    </sys_sg_application>
</record_update>
