<?xml version="1.0" encoding="UTF-8"?><record_update table="sys_security_acl_role">
    <sys_security_acl_role action="INSERT_OR_UPDATE">
        <sys_class_name>sys_security_acl_role</sys_class_name>
        <sys_created_by>Arnoud.Kooi</sys_created_by>
        <sys_created_on>2019-02-16 17:55:19</sys_created_on>
        <sys_customer_update>false</sys_customer_update>
        <sys_id>e5c46caf4f6367009881c5c18110c763</sys_id>
        <sys_mod_count>0</sys_mod_count>
        <sys_name>x_snc_mobile_mass_mass_change_ci.x_snc_mobile_mass.mass_change_ci_user</sys_name>
        <sys_package display_value="Mobile Mass Change" source="x_snc_mobile_mass">3554686f4f6367009881c5c18110c72b</sys_package>
        <sys_policy/>
        <sys_replace_on_upgrade>false</sys_replace_on_upgrade>
        <sys_scope display_value="Mobile Mass Change">3554686f4f6367009881c5c18110c72b</sys_scope>
        <sys_security_acl display_value="x_snc_mobile_mass_mass_change_ci">a1c46caf4f6367009881c5c18110c75f</sys_security_acl>
        <sys_update_name>sys_security_acl_role_e5c46caf4f6367009881c5c18110c763</sys_update_name>
        <sys_updated_by>Arnoud.Kooi</sys_updated_by>
        <sys_updated_on>2019-02-16 17:55:19</sys_updated_on>
        <sys_user_role display_value="x_snc_mobile_mass.mass_change_ci_user" name="x_snc_mobile_mass.mass_change_ci_user">41c46caf4f6367009881c5c18110c725</sys_user_role>
        <transaction_id/>
    </sys_security_acl_role>
</record_update>
