<?xml version="1.0" encoding="UTF-8"?><record_update table="sys_sg_action_param_map">
    <sys_sg_action_param_map action="INSERT_OR_UPDATE">
        <button display_value="Finish Change">3fb47cef4fa367009881c5c18110c70e</button>
        <item_parameter display_value="finish">116d7ce74fe367009881c5c18110c7a2</item_parameter>
        <sys_class_name>sys_sg_action_param_map</sys_class_name>
        <sys_created_by>Arnoud.Kooi</sys_created_by>
        <sys_created_on>2019-02-16 19:46:21</sys_created_on>
        <sys_customer_update>false</sys_customer_update>
        <sys_id>a92e782b4fe367009881c5c18110c7b5</sys_id>
        <sys_mod_count>0</sys_mod_count>
        <sys_name>116d7ce74fe367009881c5c18110c7a2</sys_name>
        <sys_package display_value="Mobile Mass Change" source="x_snc_mobile_mass">3554686f4f6367009881c5c18110c72b</sys_package>
        <sys_policy/>
        <sys_replace_on_upgrade>false</sys_replace_on_upgrade>
        <sys_scope display_value="Mobile Mass Change">3554686f4f6367009881c5c18110c72b</sys_scope>
        <sys_update_name>sys_sg_action_param_map_a92e782b4fe367009881c5c18110c7b5</sys_update_name>
        <sys_updated_by>Arnoud.Kooi</sys_updated_by>
        <sys_updated_on>2019-02-16 19:46:21</sys_updated_on>
        <ui_parameter display_value="Finish">748d302b4fe367009881c5c18110c729</ui_parameter>
    </sys_sg_action_param_map>
</record_update>
