<?xml version="1.0" encoding="UTF-8"?><record_update>
    <sys_documentation element="change" label="Change" language="en" table="x_snc_mobile_mass_mass_change_ci">
        <sys_documentation action="INSERT_OR_UPDATE">
            <element>change</element>
            <help/>
            <hint/>
            <label>Change</label>
            <language>en</language>
            <name>x_snc_mobile_mass_mass_change_ci</name>
            <plural>Changes</plural>
            <sys_class_name>sys_documentation</sys_class_name>
            <sys_created_by>Arnoud.Kooi</sys_created_by>
            <sys_created_on>2019-02-16 20:46:39</sys_created_on>
            <sys_customer_update>false</sys_customer_update>
            <sys_id>93fb45674f2767009881c5c18110c7cf</sys_id>
            <sys_mod_count>0</sys_mod_count>
            <sys_name>Change</sys_name>
            <sys_package display_value="Mobile Mass Change" source="x_snc_mobile_mass">3554686f4f6367009881c5c18110c72b</sys_package>
            <sys_policy/>
            <sys_replace_on_upgrade>false</sys_replace_on_upgrade>
            <sys_scope display_value="Mobile Mass Change">3554686f4f6367009881c5c18110c72b</sys_scope>
            <sys_update_name>sys_documentation_x_snc_mobile_mass_mass_change_ci_change_en</sys_update_name>
            <sys_updated_by>Arnoud.Kooi</sys_updated_by>
            <sys_updated_on>2019-02-16 20:46:39</sys_updated_on>
            <url/>
            <url_target/>
        </sys_documentation>
    </sys_documentation>
</record_update>
