<?xml version="1.0" encoding="UTF-8"?><record_update table="sys_sg_write_back_action_item">
    <sys_sg_write_back_action_item action="INSERT_OR_UPDATE">
        <description/>
        <execution_script><![CDATA[(function WriteBackAction(input) {
	var grCI = new GlideRecord('cmdb_ci');
	grCI.get('asset_tag', input.asset_tag);
	var sys_id = grCI.getUniqueValue();
	
	var grMC = new GlideRecord('x_snc_mobile_mass_mass_change_ci');
	grMC.addEncodedQuery('userDYNAMIC90d1921e5f510100a9ad2572f2b477fe^active=true^ci='+ sys_id);
	grMC.query();
	if (grMC.next()) return; //dont insert a duplicate
	grMC.initialize();
	grMC.setValue('ci',sys_id);
	grMC.setValue('active',true);
	grMC.setValue('user',gs.getUserID());
	grMC.insert();
	
})(input);]]></execution_script>
        <name>mass_update_add_ci</name>
        <query_condition/>
        <sys_class_name>sys_sg_write_back_action_item</sys_class_name>
        <sys_created_by>Arnoud.Kooi</sys_created_by>
        <sys_created_on>2019-02-16 18:23:36</sys_created_on>
        <sys_customer_update>false</sys_customer_update>
        <sys_id>6efa6c674fa367009881c5c18110c795</sys_id>
        <sys_mod_count>3</sys_mod_count>
        <sys_name>mass_update_add_ci</sys_name>
        <sys_package display_value="Mobile Mass Change" source="x_snc_mobile_mass">3554686f4f6367009881c5c18110c72b</sys_package>
        <sys_policy/>
        <sys_replace_on_upgrade>false</sys_replace_on_upgrade>
        <sys_scope display_value="Mobile Mass Change">3554686f4f6367009881c5c18110c72b</sys_scope>
        <sys_update_name>sys_sg_write_back_action_item_6efa6c674fa367009881c5c18110c795</sys_update_name>
        <sys_updated_by>Arnoud.Kooi</sys_updated_by>
        <sys_updated_on>2019-02-16 20:13:52</sys_updated_on>
        <table>x_snc_mobile_mass_mass_change_ci</table>
        <template/>
        <type>script</type>
        <use_current_record_as_condition>false</use_current_record_as_condition>
    </sys_sg_write_back_action_item>
</record_update>
