<?xml version="1.0" encoding="UTF-8"?><record_update table="sys_sg_button">
    <sys_sg_button action="INSERT_OR_UPDATE">
        <allow_images_upload>false</allow_images_upload>
        <auto_redirection>false</auto_redirection>
        <cancel_label/>
        <condition/>
        <condition_script/>
        <condition_type>declarative</condition_type>
        <confirm_label/>
        <confirmation_message/>
        <context>global</context>
        <description/>
        <destination_screen/>
        <external_browser>false</external_browser>
        <failure_message/>
        <field_name/>
        <jump_to_screen>false</jump_to_screen>
        <link_label/>
        <link_url/>
        <mail_address/>
        <mail_content/>
        <mail_subject/>
        <name>Update Status</name>
        <phone_number/>
        <phone_type>cellular</phone_type>
        <relative_url>true</relative_url>
        <roles/>
        <select_current_record>false</select_current_record>
        <show_confirmation>false</show_confirmation>
        <show_signature>false</show_signature>
        <sms/>
        <success_message/>
        <sys_class_name>sys_sg_button</sys_class_name>
        <sys_created_by>Arnoud.Kooi</sys_created_by>
        <sys_created_on>2019-02-16 20:09:53</sys_created_on>
        <sys_customer_update>false</sys_customer_update>
        <sys_id>ce238d2f4fe367009881c5c18110c769</sys_id>
        <sys_mod_count>0</sys_mod_count>
        <sys_name>Update Status</sys_name>
        <sys_package display_value="Mobile Mass Change" source="x_snc_mobile_mass">3554686f4f6367009881c5c18110c72b</sys_package>
        <sys_policy/>
        <sys_replace_on_upgrade>false</sys_replace_on_upgrade>
        <sys_scope display_value="Mobile Mass Change">3554686f4f6367009881c5c18110c72b</sys_scope>
        <sys_update_name>sys_sg_button_ce238d2f4fe367009881c5c18110c769</sys_update_name>
        <sys_updated_by>Arnoud.Kooi</sys_updated_by>
        <sys_updated_on>2019-02-16 20:09:53</sys_updated_on>
        <table/>
        <take_value_from_field>false</take_value_from_field>
        <type>write_back</type>
        <write_back_action_item display_value="mass_update_update_status">9743016f4fe367009881c5c18110c743</write_back_action_item>
    </sys_sg_button>
</record_update>
