<?xml version="1.0" encoding="UTF-8"?><record_update sys_domain="global" table="sys_ui_module">
    <sys_ui_module action="INSERT_OR_UPDATE">
        <active>true</active>
        <application display_value="Mass Change CI">d9c46caf4f6367009881c5c18110c74b</application>
        <filter/>
        <name>Mass Change CIs</name>
        <order/>
        <path/>
        <path_relative_to_root>false</path_relative_to_root>
        <roles>x_snc_mobile_mass.mass_change_ci_user</roles>
        <sys_class_name>sys_ui_module</sys_class_name>
        <sys_created_by>Arnoud.Kooi</sys_created_by>
        <sys_created_on>2019-02-16 17:55:18</sys_created_on>
        <sys_customer_update>false</sys_customer_update>
        <sys_domain>global</sys_domain>
        <sys_domain_path>/</sys_domain_path>
        <sys_id>d1c46caf4f6367009881c5c18110c74e</sys_id>
        <sys_mod_count>0</sys_mod_count>
        <sys_name>Mass Change CIs</sys_name>
        <sys_package display_value="Mobile Mass Change" source="x_snc_mobile_mass">3554686f4f6367009881c5c18110c72b</sys_package>
        <sys_policy/>
        <sys_replace_on_upgrade>false</sys_replace_on_upgrade>
        <sys_scope display_value="Mobile Mass Change">3554686f4f6367009881c5c18110c72b</sys_scope>
        <sys_update_name>sys_ui_module_d1c46caf4f6367009881c5c18110c74e</sys_update_name>
        <sys_updated_by>Arnoud.Kooi</sys_updated_by>
        <sys_updated_on>2019-02-16 17:55:18</sys_updated_on>
        <table>x_snc_mobile_mass_mass_change_ci</table>
        <uncancelable>false</uncancelable>
        <view_name/>
    </sys_ui_module>
</record_update>
