<?xml version="1.0" encoding="UTF-8"?><record_update table="sys_sg_master_item">
    <sys_sg_master_item action="INSERT_OR_UPDATE">
        <condition/>
        <condition_order/>
        <item_view display_value="CI Queue item view">93e8a4e34fa367009881c5c18110c755</item_view>
        <name>Master Item</name>
        <screen display_value="CI Queues">5fe8ace34fa367009881c5c18110c711</screen>
        <sys_class_name>sys_sg_master_item</sys_class_name>
        <sys_created_by>Arnoud.Kooi</sys_created_by>
        <sys_created_on>2019-02-16 18:13:28</sys_created_on>
        <sys_customer_update>false</sys_customer_update>
        <sys_id>efe8a0e34fa367009881c5c18110c7c7</sys_id>
        <sys_mod_count>0</sys_mod_count>
        <sys_name>Master Item</sys_name>
        <sys_package display_value="Mobile Mass Change" source="x_snc_mobile_mass">3554686f4f6367009881c5c18110c72b</sys_package>
        <sys_policy/>
        <sys_replace_on_upgrade>false</sys_replace_on_upgrade>
        <sys_scope display_value="Mobile Mass Change">3554686f4f6367009881c5c18110c72b</sys_scope>
        <sys_update_name>sys_sg_master_item_efe8a0e34fa367009881c5c18110c7c7</sys_update_name>
        <sys_updated_by>Arnoud.Kooi</sys_updated_by>
        <sys_updated_on>2019-02-16 18:13:28</sys_updated_on>
        <table>x_snc_mobile_mass_mass_change_ci</table>
    </sys_sg_master_item>
</record_update>
