<?xml version="1.0" encoding="UTF-8"?><record_update table="sys_sg_item_parameter">
    <sys_sg_item_parameter action="INSERT_OR_UPDATE">
        <default_value/>
        <name>asset_tag</name>
        <parent>6efa6c674fa367009881c5c18110c795</parent>
        <parent_table>sys_sg_write_back_action_item</parent_table>
        <sys_class_name>sys_sg_item_parameter</sys_class_name>
        <sys_created_by>Arnoud.Kooi</sys_created_by>
        <sys_created_on>2019-02-16 18:23:54</sys_created_on>
        <sys_customer_update>false</sys_customer_update>
        <sys_id>c24b24a74fa367009881c5c18110c7ab</sys_id>
        <sys_mod_count>2</sys_mod_count>
        <sys_name>asset_tag</sys_name>
        <sys_package display_value="Mobile Mass Change" source="x_snc_mobile_mass">3554686f4f6367009881c5c18110c72b</sys_package>
        <sys_policy/>
        <sys_replace_on_upgrade>false</sys_replace_on_upgrade>
        <sys_scope display_value="Mobile Mass Change">3554686f4f6367009881c5c18110c72b</sys_scope>
        <sys_update_name>sys_sg_item_parameter_c24b24a74fa367009881c5c18110c7ab</sys_update_name>
        <sys_updated_by>Arnoud.Kooi</sys_updated_by>
        <sys_updated_on>2019-02-16 18:30:20</sys_updated_on>
        <type>string</type>
    </sys_sg_item_parameter>
</record_update>
