<?xml version="1.0" encoding="UTF-8"?><record_update>
    <sys_ui_list parent="" relationship="" sys_domain="global" table="x_snc_mobile_mass_mass_change_ci" version="2" view="">
        <sys_ui_list_element action="INSERT_OR_UPDATE">
            <average_value>false</average_value>
            <element>active</element>
            <list_id display_value="x_snc_mobile_mass_mass_change_ci" element="NULL" name="x_snc_mobile_mass_mass_change_ci" parent="NULL" relationship="NULL" sys_domain="global" view="Default view">be36a0634fa367009881c5c18110c72d</list_id>
            <max_value>false</max_value>
            <min_value>false</min_value>
            <position>0</position>
            <sum>false</sum>
            <sys_created_by>Arnoud.Kooi</sys_created_by>
            <sys_created_on>2019-02-16 18:01:41</sys_created_on>
            <sys_id>7e36a0634fa367009881c5c18110c72e</sys_id>
            <sys_mod_count>0</sys_mod_count>
            <sys_updated_by>Arnoud.Kooi</sys_updated_by>
            <sys_updated_on>2019-02-16 18:01:41</sys_updated_on>
        </sys_ui_list_element>
        <sys_ui_list_element action="INSERT_OR_UPDATE">
            <average_value>false</average_value>
            <element>ci</element>
            <list_id display_value="x_snc_mobile_mass_mass_change_ci" element="NULL" name="x_snc_mobile_mass_mass_change_ci" parent="NULL" relationship="NULL" sys_domain="global" view="Default view">be36a0634fa367009881c5c18110c72d</list_id>
            <max_value>false</max_value>
            <min_value>false</min_value>
            <position>1</position>
            <sum>false</sum>
            <sys_created_by>Arnoud.Kooi</sys_created_by>
            <sys_created_on>2019-02-16 18:01:41</sys_created_on>
            <sys_id>7636a0634fa367009881c5c18110c72f</sys_id>
            <sys_mod_count>0</sys_mod_count>
            <sys_updated_by>Arnoud.Kooi</sys_updated_by>
            <sys_updated_on>2019-02-16 18:01:41</sys_updated_on>
        </sys_ui_list_element>
        <sys_ui_list_element action="INSERT_OR_UPDATE">
            <average_value>false</average_value>
            <element>user</element>
            <list_id display_value="x_snc_mobile_mass_mass_change_ci" element="NULL" name="x_snc_mobile_mass_mass_change_ci" parent="NULL" relationship="NULL" sys_domain="global" view="Default view">be36a0634fa367009881c5c18110c72d</list_id>
            <max_value>false</max_value>
            <min_value>false</min_value>
            <position>2</position>
            <sum>false</sum>
            <sys_created_by>Arnoud.Kooi</sys_created_by>
            <sys_created_on>2019-02-16 18:01:41</sys_created_on>
            <sys_id>f636a0634fa367009881c5c18110c72f</sys_id>
            <sys_mod_count>0</sys_mod_count>
            <sys_updated_by>Arnoud.Kooi</sys_updated_by>
            <sys_updated_on>2019-02-16 18:01:41</sys_updated_on>
        </sys_ui_list_element>
        <sys_ui_list action="INSERT_OR_UPDATE">
            <average_value>false</average_value>
            <element/>
            <max_value>false</max_value>
            <min_value>false</min_value>
            <name>x_snc_mobile_mass_mass_change_ci</name>
            <parent/>
            <position/>
            <relationship/>
            <sum>false</sum>
            <sys_class_name>sys_ui_list</sys_class_name>
            <sys_created_by>Arnoud.Kooi</sys_created_by>
            <sys_created_on>2019-02-16 18:01:41</sys_created_on>
            <sys_customer_update>false</sys_customer_update>
            <sys_domain>global</sys_domain>
            <sys_domain_path>/</sys_domain_path>
            <sys_id>be36a0634fa367009881c5c18110c72d</sys_id>
            <sys_mod_count>0</sys_mod_count>
            <sys_name>x_snc_mobile_mass_mass_change_ci</sys_name>
            <sys_package display_value="Mobile Mass Change" source="x_snc_mobile_mass">3554686f4f6367009881c5c18110c72b</sys_package>
            <sys_policy/>
            <sys_replace_on_upgrade>false</sys_replace_on_upgrade>
            <sys_scope display_value="Mobile Mass Change">3554686f4f6367009881c5c18110c72b</sys_scope>
            <sys_update_name>sys_ui_list_x_snc_mobile_mass_mass_change_ci_null</sys_update_name>
            <sys_updated_by>Arnoud.Kooi</sys_updated_by>
            <sys_updated_on>2019-02-16 18:01:41</sys_updated_on>
            <sys_user/>
            <view display_value="Default view" name="NULL">Default view</view>
            <view_name/>
        </sys_ui_list>
    </sys_ui_list>
</record_update>
