<?xml version="1.0" encoding="UTF-8"?><record_update table="sys_sg_button_instance">
    <sys_sg_button_instance action="INSERT_OR_UPDATE">
        <active>true</active>
        <button display_value="Update Status">ce238d2f4fe367009881c5c18110c769</button>
        <description/>
        <field_name/>
        <label>Update Status</label>
        <location>top</location>
        <name>Update Status</name>
        <order>3</order>
        <parent>5fe8ace34fa367009881c5c18110c711</parent>
        <parent_table>sys_sg_master_detail_screen</parent_table>
        <sys_class_name>sys_sg_button_instance</sys_class_name>
        <sys_created_by>Arnoud.Kooi</sys_created_by>
        <sys_created_on>2019-02-16 20:18:38</sys_created_on>
        <sys_customer_update>false</sys_customer_update>
        <sys_id>fc9505ef4fe367009881c5c18110c7c8</sys_id>
        <sys_mod_count>1</sys_mod_count>
        <sys_name>Update Status</sys_name>
        <sys_package display_value="Mobile Mass Change" source="x_snc_mobile_mass">3554686f4f6367009881c5c18110c72b</sys_package>
        <sys_policy/>
        <sys_replace_on_upgrade>false</sys_replace_on_upgrade>
        <sys_scope display_value="Mobile Mass Change">3554686f4f6367009881c5c18110c72b</sys_scope>
        <sys_update_name>sys_sg_button_instance_fc9505ef4fe367009881c5c18110c7c8</sys_update_name>
        <sys_updated_by>Arnoud.Kooi</sys_updated_by>
        <sys_updated_on>2019-02-16 20:22:10</sys_updated_on>
        <table/>
    </sys_sg_button_instance>
</record_update>
