<?xml version="1.0" encoding="UTF-8"?><record_update table="sys_sg_ui_parameter">
    <sys_sg_ui_parameter action="INSERT_OR_UPDATE">
        <button display_value="Update Location">e1c53c234fe367009881c5c18110c78a</button>
        <button_parent_table/>
        <carried>false</carried>
        <constant/>
        <default_value/>
        <default_value_type>none</default_value_type>
        <field_name>location</field_name>
        <input_source>user</input_source>
        <input_style>inline</input_style>
        <input_type>list</input_type>
        <mandatory>false</mandatory>
        <multi_select>false</multi_select>
        <name>Location</name>
        <order/>
        <parameter_type>button</parameter_type>
        <placeholder/>
        <screen/>
        <search_type>starts_with</search_type>
        <source_field/>
        <sys_class_name>sys_sg_ui_parameter</sys_class_name>
        <sys_created_by>Arnoud.Kooi</sys_created_by>
        <sys_created_on>2019-02-16 19:26:11</sys_created_on>
        <sys_customer_update>false</sys_customer_update>
        <sys_id>f339b0274fe367009881c5c18110c778</sys_id>
        <sys_mod_count>2</sys_mod_count>
        <sys_name>Location</sys_name>
        <sys_package display_value="Mobile Mass Change" source="x_snc_mobile_mass">3554686f4f6367009881c5c18110c72b</sys_package>
        <sys_policy/>
        <sys_replace_on_upgrade>false</sys_replace_on_upgrade>
        <sys_scope display_value="Mobile Mass Change">3554686f4f6367009881c5c18110c72b</sys_scope>
        <sys_update_name>sys_sg_ui_parameter_f339b0274fe367009881c5c18110c778</sys_update_name>
        <sys_updated_by>Arnoud.Kooi</sys_updated_by>
        <sys_updated_on>2019-02-16 19:48:42</sys_updated_on>
        <table_name>cmdb_ci</table_name>
    </sys_sg_ui_parameter>
</record_update>
