<?xml version="1.0" encoding="UTF-8"?><record_update sys_domain="global" table="sys_ui_application">
    <sys_ui_application action="INSERT_OR_UPDATE">
        <active>true</active>
        <hint/>
        <name>Mass Change CI</name>
        <order/>
        <roles>x_snc_mobile_mass.mass_change_ci_user</roles>
        <sys_class_name>sys_ui_application</sys_class_name>
        <sys_created_by>Arnoud.Kooi</sys_created_by>
        <sys_created_on>2019-02-16 17:55:17</sys_created_on>
        <sys_customer_update>false</sys_customer_update>
        <sys_domain>global</sys_domain>
        <sys_domain_path>/</sys_domain_path>
        <sys_id>d9c46caf4f6367009881c5c18110c74b</sys_id>
        <sys_mod_count>0</sys_mod_count>
        <sys_name>Mass Change CI</sys_name>
        <sys_overrides/>
        <sys_package display_value="Mobile Mass Change" source="x_snc_mobile_mass">3554686f4f6367009881c5c18110c72b</sys_package>
        <sys_policy/>
        <sys_replace_on_upgrade>false</sys_replace_on_upgrade>
        <sys_scope display_value="Mobile Mass Change">3554686f4f6367009881c5c18110c72b</sys_scope>
        <sys_update_name>sys_ui_application_d9c46caf4f6367009881c5c18110c74b</sys_update_name>
        <sys_updated_by>Arnoud.Kooi</sys_updated_by>
        <sys_updated_on>2019-02-16 17:55:17</sys_updated_on>
    </sys_ui_application>
</record_update>
