<?xml version="1.0" encoding="UTF-8"?><record_update table="sys_sg_item_parameter">
    <sys_sg_item_parameter action="INSERT_OR_UPDATE">
        <default_value/>
        <name>finish</name>
        <parent>b135f0234fe367009881c5c18110c796</parent>
        <parent_table>sys_sg_write_back_action_item</parent_table>
        <sys_class_name>sys_sg_item_parameter</sys_class_name>
        <sys_created_by>Arnoud.Kooi</sys_created_by>
        <sys_created_on>2019-02-16 19:44:28</sys_created_on>
        <sys_customer_update>false</sys_customer_update>
        <sys_id>116d7ce74fe367009881c5c18110c7a2</sys_id>
        <sys_mod_count>3</sys_mod_count>
        <sys_name>finish</sys_name>
        <sys_package display_value="Mobile Mass Change" source="x_snc_mobile_mass">3554686f4f6367009881c5c18110c72b</sys_package>
        <sys_policy/>
        <sys_replace_on_upgrade>false</sys_replace_on_upgrade>
        <sys_scope display_value="Mobile Mass Change">3554686f4f6367009881c5c18110c72b</sys_scope>
        <sys_update_name>sys_sg_item_parameter_116d7ce74fe367009881c5c18110c7a2</sys_update_name>
        <sys_updated_by>Arnoud.Kooi</sys_updated_by>
        <sys_updated_on>2019-02-16 19:45:17</sys_updated_on>
        <type>boolean</type>
    </sys_sg_item_parameter>
</record_update>
